title,artist,genre,year,bpm,dB,duration,popularity
"Hey, Soul Sister",Train,neo mellow,2010,97,-4,217,83
Love The Way You Lie,Eminem,detroit hip hop,2010,87,-5,263,82
TiK ToK,Kesha,dance pop,2010,120,-3,200,80
Bad Romance,Lady Gaga,dance pop,2010,119,-4,295,79
Just the Way You Are,Bruno Mars,pop,2010,109,-5,221,78
Baby,Justin Bieber,canadian pop,2010,65,-5,214,77
Dynamite,Taio Cruz,dance pop,2010,120,-4,203,77
Secrets,OneRepublic,dance pop,2010,148,-6,225,77
Empire State of Mind (Part II) Broken Down,Alicia Keys,hip pop,2010,93,-8,216,76
Only Girl (In The World),Rihanna,barbadian pop,2010,126,-4,235,73
Club Can't Handle Me (feat. David Guetta),Flo Rida,dance pop,2010,128,-4,235,73
Marry You,Bruno Mars,pop,2010,145,-5,230,73
Cooler Than Me - Single Mix,Mike Posner,dance pop,2010,130,-5,213,73
Telephone,Lady Gaga,dance pop,2010,122,-6,221,73
Like A G6,Far East Movement,dance pop,2010,125,-8,217,72
OMG (feat. will.i.am),Usher,atl hip hop,2010,130,-6,269,72
Eenie Meenie,Sean Kingston,dance pop,2010,121,-4,202,71
The Time (Dirty Bit),The Black Eyed Peas,dance pop,2010,128,-8,308,70
Alejandro,Lady Gaga,dance pop,2010,99,-7,274,69
Your Love Is My Drug,Kesha,dance pop,2010,120,-4,187,69
Meet Me Halfway,The Black Eyed Peas,dance pop,2010,130,-7,284,68
Whataya Want from Me,Adam Lambert,australian pop,2010,186,-5,227,66
Take It Off,Kesha,dance pop,2010,125,-5,215,66
Misery,Maroon 5,pop,2010,103,-5,216,65
All The Right Moves,OneRepublic,dance pop,2010,146,-4,238,65
Animal,Neon Trees,indie pop,2010,148,-6,212,65
Naturally,Selena Gomez & The Scene,dance pop,2010,133,-5,203,64
I Like It,Enrique Iglesias,dance pop,2010,129,-3,231,63
Teenage Dream,Katy Perry,dance pop,2010,120,-5,228,63
California Gurls,Katy Perry,dance pop,2010,125,-4,235,62
3,Britney Spears,dance pop,2010,135,-2,213,62
My First Kiss - feat. Ke$ha,3OH!3,dance pop,2010,138,-4,192,62
Blah Blah Blah (feat. 3OH!3),Kesha,dance pop,2010,120,-3,172,62
Imma Be,The Black Eyed Peas,dance pop,2010,92,-7,258,62
Try Sleeping with a Broken Heart,Alicia Keys,hip pop,2010,111,-5,249,62
Sexy Bitch (feat. Akon),David Guetta,dance pop,2010,130,-5,196,61
Bound To You - Burlesque Original Motion Picture Soundtrack,Christina Aguilera,dance pop,2010,164,-5,264,61
If I Had You,Adam Lambert,australian pop,2010,131,-4,228,59
Rock That Body,The Black Eyed Peas,dance pop,2010,125,-6,269,59
Dog Days Are Over,Florence + The Machine,art pop,2010,150,-5,253,58
Something's Got A Hold On Me - Burlesque Original Motion Picture Soundtrack,Christina Aguilera,dance pop,2010,150,-4,185,58
Doesn't Mean Anything,Alicia Keys,hip pop,2010,104,-7,273,57
Hard,Rihanna,barbadian pop,2010,182,-4,251,57
Loca,Shakira,colombian pop,2010,112,-4,193,56
You Lost Me,Christina Aguilera,dance pop,2010,43,-6,257,56
Not Myself Tonight,Christina Aguilera,dance pop,2010,120,-5,186,55
Written in the Stars (feat. Eric Turner),Tinie Tempah,dance pop,2010,91,-4,220,52
DJ Got Us Fallin' In Love (feat. Pitbull),Usher,atl hip hop,2010,120,-3,221,52
Castle Walls (feat. Christina Aguilera),T.I.,atl hip hop,2010,80,-5,329,49
Break Your Heart,Taio Cruz,dance pop,2010,122,-5,186,33
Hello,Martin Solveig,big room,2010,128,-3,191,0
A Thousand Years,Christina Perri,dance pop,2011,139,-7,285,81
Someone Like You,Adele,british soul,2011,135,-8,285,80
Give Me Everything,Pitbull,dance pop,2011,129,-3,252,79
Just the Way You Are,Bruno Mars,pop,2011,109,-5,221,78
Rolling in the Deep,Adele,british soul,2011,105,-5,228,76
Run the World (Girls),Beyoncé,dance pop,2011,127,-4,236,76
Moves Like Jagger - Studio Recording From The Voice Performance,Maroon 5,pop,2011,128,-4,201,76
Love On Top,Beyoncé,dance pop,2011,94,-5,267,76
Grenade,Bruno Mars,pop,2011,110,-7,223,75
Tonight Tonight,Hot Chelle Rae,dance pop,2011,100,-5,200,75
What the Hell,Avril Lavigne,canadian pop,2011,150,-4,221,74
Born This Way,Lady Gaga,dance pop,2011,124,-5,260,73
Monster,Kanye West,chicago rap,2011,125,-6,379,73
Marry You,Bruno Mars,pop,2011,145,-5,230,73
Best Thing I Never Had,Beyoncé,dance pop,2011,99,-4,254,73
Party Rock Anthem,LMFAO,dance pop,2011,130,-4,262,72
We R Who We R,Kesha,dance pop,2011,120,-5,205,72
Price Tag,Jessie J,australian pop,2011,175,-4,223,72
Good Life,OneRepublic,dance pop,2011,95,-8,253,72
Just Can’t Get Enough,The Black Eyed Peas,dance pop,2011,94,-9,219,71
On The Floor,Jennifer Lopez,dance pop,2011,130,-5,285,69
What's My Name?,Rihanna,barbadian pop,2011,100,-3,263,69
Yeah 3x,Chris Brown,dance pop,2011,130,-3,242,69
Without You (feat. Usher),David Guetta,dance pop,2011,128,-4,208,68
Sexy And I Know It,LMFAO,dance pop,2011,130,-4,199,67
The Edge Of Glory,Lady Gaga,dance pop,2011,128,-6,321,67
E.T.,Katy Perry,dance pop,2011,152,-5,230,66
Till the World Ends,Britney Spears,dance pop,2011,132,-6,238,65
I Wanna Go,Britney Spears,dance pop,2011,130,-7,210,64
Blow,Kesha,dance pop,2011,120,-4,220,64
You And I,Lady Gaga,dance pop,2011,127,-5,307,64
Judas,Lady Gaga,dance pop,2011,131,-4,249,63
Tonight (I'm Fuckin' You),Enrique Iglesias,dance pop,2011,126,-4,232,63
Please Don't Go,Mike Posner,dance pop,2011,120,-4,197,63
We Found Love,Rihanna,barbadian pop,2011,128,-4,215,61
Marry The Night,Lady Gaga,dance pop,2011,131,-4,265,61
1+1,Beyoncé,dance pop,2011,63,-7,274,60
Hold It Against Me,Britney Spears,dance pop,2011,133,-5,229,59
I'm Into You,Jennifer Lopez,dance pop,2011,84,-4,200,59
Papi,Jennifer Lopez,dance pop,2011,120,-5,223,58
Cheers (Drink To That),Rihanna,barbadian pop,2011,80,-4,262,58
S&M Remix,Rihanna,barbadian pop,2011,128,-3,257,54
Written in the Stars (feat. Eric Turner),Tinie Tempah,dance pop,2011,91,-4,220,52
Jar of Hearts,Christina Perri,dance pop,2011,75,-6,247,50
Castle Walls (feat. Christina Aguilera),T.I.,atl hip hop,2011,80,-5,329,49
Turning Page,Sleeping At Last,acoustic pop,2011,125,-8,255,46
Super Bass,Nicki Minaj,dance pop,2011,127,-7,201,38
Raise Your Glass,P!nk,dance pop,2011,122,-7,208,38
Invading My Mind,Jennifer Lopez,dance pop,2011,129,-4,201,31
Moment 4 Life - Album Version (Edited),Nicki Minaj,dance pop,2011,130,-4,279,28
Last Friday Night (T.G.I.F.),Katy Perry,dance pop,2011,126,-4,231,27
Firework,Katy Perry,dance pop,2011,124,-5,228,25
Muny - Album Version (Edited),Nicki Minaj,dance pop,2011,98,-5,227,7
Titanium (feat. Sia),David Guetta,dance pop,2012,126,-4,245,80
Locked Out of Heaven,Bruno Mars,pop,2012,144,-4,233,79
Paradise,Coldplay,permanent wave,2012,140,-7,279,79
Payphone,Maroon 5,pop,2012,110,-5,231,79
What Makes You Beautiful,One Direction,boy band,2012,125,-2,200,78
I Knew You Were Trouble.,Taylor Swift,pop,2012,77,-7,220,77
Call Me Maybe,Carly Rae Jepsen,canadian pop,2012,120,-7,193,76
Love You Like A Love Song,Selena Gomez & The Scene,dance pop,2012,117,-4,188,76
Set Fire to the Rain,Adele,british soul,2012,108,-4,242,76
We Are Never Ever Getting Back Together,Taylor Swift,pop,2012,86,-6,193,75
Stronger (What Doesn't Kill You),Kelly Clarkson,dance pop,2012,116,-4,222,74
Try,P!nk,dance pop,2012,104,-7,248,74
Starships,Nicki Minaj,dance pop,2012,125,-2,211,73
One More Night,Maroon 5,pop,2012,93,-3,220,73
Good Time,Owl City,pop,2012,126,-4,206,73
Glad You Came,The Wanted,boy band,2012,127,-4,198,72
Beauty And A Beat,Justin Bieber,canadian pop,2012,128,-5,228,72
International Love,Pitbull,dance pop,2012,120,-3,227,72
Some Nights,fun.,baroque pop,2012,108,-7,277,72
Boyfriend,Justin Bieber,canadian pop,2012,97,-6,171,71
Part Of Me,Katy Perry,dance pop,2012,130,-5,216,71
Domino,Jessie J,australian pop,2012,127,-5,232,69
Where Have You Been,Rihanna,barbadian pop,2012,128,-6,243,68
Wide Awake,Katy Perry,dance pop,2012,160,-5,221,68
The One That Got Away,Katy Perry,dance pop,2012,134,-4,227,67
Dance Again,Jennifer Lopez,dance pop,2012,128,-5,237,66
Turn Up the Music,Chris Brown,dance pop,2012,130,-6,228,65
Lights - Single Version,Ellie Goulding,dance pop,2012,120,-6,211,65
We Are Young (feat. Janelle Monáe),fun.,baroque pop,2012,184,-6,251,63
Diamonds,Rihanna,barbadian pop,2012,92,-5,225,61
Don't Stop the Party (feat. TJR),Pitbull,dance pop,2012,127,-4,206,59
You Da One,Rihanna,barbadian pop,2012,127,-5,200,57
Stereo Hearts (feat. Adam Levine),Gym Class Heroes,dance pop,2012,90,-3,211,54
It Will Rain,Bruno Mars,pop,2012,150,-7,258,38
Blow Me (One Last Kiss),P!nk,dance pop,2012,114,-3,256,0
Underneath the Tree,Kelly Clarkson,dance pop,2013,160,-5,230,88
Wake Me Up,Avicii,big room,2013,124,-6,247,85
Story of My Life,One Direction,boy band,2013,121,-6,245,81
Just Give Me a Reason (feat. Nate Ruess),P!nk,dance pop,2013,95,-7,243,81
Hall of Fame,The Script,celtic rock,2013,85,-4,203,80
Roar,Katy Perry,dance pop,2013,180,-5,224,78
We Can't Stop,Miley Cyrus,dance pop,2013,80,-6,231,78
Don't You Worry Child - Radio Edit,Swedish House Mafia,big room,2013,129,-3,213,78
Get Lucky (feat. Pharrell Williams & Nile Rodgers) - Radio Edit,Daft Punk,electro,2013,116,-9,248,77
Wrecking Ball,Miley Cyrus,dance pop,2013,120,-6,221,77
Impossible,James Arthur,pop,2013,170,-5,209,77
Blurred Lines,Robin Thicke,dance pop,2013,120,-5,264,76
Heart Attack,Demi Lovato,dance pop,2013,174,-5,211,76
We Are Never Ever Getting Back Together,Taylor Swift,pop,2013,86,-6,193,75
Die Young,Kesha,dance pop,2013,128,-5,212,75
Clarity,Zedd,complextro,2013,128,-3,271,75
Summertime Sadness (Lana Del Rey Vs. Cedric Gervais) - Cedric Gervais Remix,Lana Del Rey,art pop,2013,126,-6,215,74
Under Control,Calvin Harris,dance pop,2013,126,-3,184,74
Everybody Talks,Neon Trees,indie pop,2013,155,-4,177,74
"Hold On, We're Going Home",Drake,canadian hip hop,2013,100,-7,228,73
Best Song Ever,One Direction,boy band,2013,118,-3,200,73
Kiss You,One Direction,boy band,2013,90,-3,183,73
Sweet Nothing (feat. Florence Welch),Calvin Harris,dance pop,2013,128,-4,213,72
Lose Yourself to Dance,Daft Punk,electro,2013,100,-8,354,72
Work Bitch,Britney Spears,dance pop,2013,128,-7,248,71
Brave,Sara Bareilles,acoustic pop,2013,185,-4,221,71
Can't Hold Us (feat. Ray Dalton),Macklemore & Ryan Lewis,dance pop,2013,146,-4,258,70
Feel This Moment (feat. Christina Aguilera),Pitbull,dance pop,2013,136,-4,230,70
Beneath Your Beautiful,Labrinth,pop,2013,84,-6,272,70
Let Me Love You (Until You Learn To Love Yourself),Ne-Yo,dance pop,2013,125,-7,252,70
Thrift Shop (feat. Wanz),Macklemore & Ryan Lewis,dance pop,2013,95,-7,236,69
If I Lose Myself - Alesso vs OneRepublic,OneRepublic,dance pop,2013,126,-6,215,69
The Way,Ariana Grande,dance pop,2013,82,-3,227,68
Suit & Tie,Justin Timberlake,dance pop,2013,102,-4,326,68
#thatPOWER,will.i.am,dance pop,2013,128,-6,280,68
I Love It (feat. Charli XCX),Icona Pop,candy pop,2013,126,-3,157,67
Play Hard (feat. Ne-Yo & Akon) - New Edit,David Guetta,dance pop,2013,130,-3,209,67
Daylight,Maroon 5,pop,2013,120,-5,225,66
Love Somebody,Maroon 5,pop,2013,120,-6,230,65
A Little Party Never Killed Nobody (All We Got),Fergie,dance pop,2013,130,-6,241,65
Move,Little Mix,dance pop,2013,121,-5,224,63
Walks Like Rihanna,The Wanted,boy band,2013,126,-3,202,62
Rock N Roll,Avril Lavigne,canadian pop,2013,184,-3,207,61
Heartbreaker,Justin Bieber,canadian pop,2013,105,-7,263,61
Mirrors - Radio Edit,Justin Timberlake,dance pop,2013,77,-6,277,60
Next To Me,Emeli Sandé,dance pop,2013,95,-5,197,60
Made In The USA,Demi Lovato,dance pop,2013,87,-4,196,60
Clown,Emeli Sandé,dance pop,2013,130,-8,221,60
Girl On Fire (feat. Nicki Minaj) - Inferno Version,Alicia Keys,hip pop,2013,93,-6,271,59
TKO,Justin Timberlake,dance pop,2013,138,-7,424,58
Come & Get It,Selena Gomez,dance pop,2013,80,-4,232,57
Live It Up,Jennifer Lopez,dance pop,2013,128,-5,244,57
We Own The Night,The Wanted,boy band,2013,104,-4,206,56
Atlas - From “The Hunger Games: Catching Fire” Soundtrack,Coldplay,permanent wave,2013,136,-8,236,55
What About Love,Austin Mahone,dance pop,2013,100,-7,203,54
Take Back the Night,Justin Timberlake,dance pop,2013,107,-5,353,54
Applause,Lady Gaga,dance pop,2013,140,-4,212,52
Anything Could Happen,Ellie Goulding,dance pop,2013,103,-4,286,52
Finally Found You,Enrique Iglesias,dance pop,2013,128,-5,221,52
Pom Poms,Jonas Brothers,boy band,2013,148,-2,198,52
#Beautiful,Mariah Carey,dance pop,2013,107,-5,200,51
How Ya Doin'? (feat. Missy Elliott),Little Mix,dance pop,2013,201,-3,211,50
Crazy Kids (feat. will.i.am),Kesha,dance pop,2013,128,-4,229,46
"Ooh La La (from ""The Smurfs 2"")",Britney Spears,dance pop,2013,128,-5,257,45
People Like Us,Kelly Clarkson,dance pop,2013,128,-5,259,45
Overdose,Ciara,dance pop,2013,107,-6,227,43
Right Now - Dyro Radio Edit,Rihanna,barbadian pop,2013,130,-6,186,42
Give It 2 U,Robin Thicke,dance pop,2013,127,-4,230,41
Foolish Games,Jewel,alaska indie,2013,132,-11,250,36
Outta Nowhere (feat. Danny Mercer),Pitbull,dance pop,2013,95,-4,207,35
Freak,Kelly Rowland,atl hip hop,2013,104,-5,274,28
All of Me,John Legend,neo mellow,2014,120,-7,270,86
Stay With Me,Sam Smith,pop,2014,84,-6,173,85
Summer,Calvin Harris,dance pop,2014,128,-4,223,80
"Happy - From ""Despicable Me 2""",Pharrell Williams,dance pop,2014,160,-5,233,79
Rude,MAGIC!,pop,2014,144,-5,225,79
Shake It Off,Taylor Swift,pop,2014,160,-5,219,78
Dark Horse,Katy Perry,dance pop,2014,132,-6,216,78
Hey Brother,Avicii,big room,2014,125,-5,255,78
Maps,Maroon 5,pop,2014,120,-6,190,78
Treasure,Bruno Mars,pop,2014,116,-5,179,77
Let Her Go,Passenger,folk-pop,2014,75,-7,253,77
Problem,Ariana Grande,dance pop,2014,103,-5,194,75
Pompeii,Bastille,metropopolis,2014,127,-6,214,73
Team,Lorde,art pop,2014,100,-7,193,73
Love Me Again,John Newman,pop,2014,126,-5,240,73
Latch,Disclosure,house,2014,122,-5,256,72
Adore You,Miley Cyrus,dance pop,2014,120,-5,279,72
Love Never Felt So Good,Michael Jackson,pop,2014,118,-6,246,71
Burn,Ellie Goulding,dance pop,2014,87,-5,231,71
She Looks So Perfect,5 Seconds of Summer,boy band,2014,160,-4,202,71
Fancy,Iggy Azalea,australian hip hop,2014,95,-4,200,70
Talk Dirty (feat. 2 Chainz),Jason Derulo,dance pop,2014,100,-7,178,68
Gorilla,Bruno Mars,pop,2014,140,-7,244,68
human,Christina Perri,dance pop,2014,144,-6,251,68
Young Girls,Bruno Mars,pop,2014,126,-5,229,67
Wiggle (feat. Snoop Dogg),Jason Derulo,dance pop,2014,82,-7,193,67
Love Runs Out,OneRepublic,dance pop,2014,120,-4,225,66
This Is How We Do,Katy Perry,dance pop,2014,96,-6,204,66
Mmm Yeah (feat. Pitbull),Austin Mahone,dance pop,2014,126,-4,232,65
A Little Party Never Killed Nobody (All We Got),Fergie,dance pop,2014,130,-6,241,65
#SELFIE,The Chainsmokers,electropop,2014,128,-3,184,65
Partition,Beyoncé,dance pop,2014,186,-12,319,65
Birthday,Katy Perry,dance pop,2014,126,-5,215,65
G.U.Y.,Lady Gaga,dance pop,2014,110,-3,233,65
Stay The Night - Featuring Hayley Williams Of Paramore,Zedd,complextro,2014,128,-3,217,64
"Let It Go - From ""Frozen / Single Version",Demi Lovato,dance pop,2014,140,-6,226,63
Wings,Birdy,neo mellow,2014,83,-5,252,62
Can't Remember to Forget You (feat. Rihanna),Shakira,colombian pop,2014,138,-4,207,62
Shot Me Down (feat. Skylar Grey) - Radio Edit,David Guetta,dance pop,2014,192,-4,191,61
Say Something,A Great Big World,neo mellow,2014,138,-9,229,61
A Sky Full of Stars,Coldplay,permanent wave,2014,125,-6,268,60
Come Get It Bae,Pharrell Williams,dance pop,2014,120,-6,202,59
Chandelier,Sia,australian dance,2014,174,-3,216,56
XO,Beyoncé,dance pop,2014,170,-9,216,56
We Are One (Ole Ola) [The Official 2014 FIFA World Cup Song],Pitbull,dance pop,2014,125,-4,222,56
Not About Angels,Birdy,neo mellow,2014,116,-10,190,56
Drunk in Love,Beyoncé,dance pop,2014,140,-7,323,52
Anaconda,Nicki Minaj,dance pop,2014,130,-6,260,50
Boom Clap - From the Motion Picture Das Schicksal ist ein mieser Verräter,Charli XCX,candy pop,2014,92,-4,169,50
La La La (Brasil 2014) (feat. Carlinhos Brown),Shakira,colombian pop,2014,128,-5,198,50
Tee Shirt - Soundtrack Version,Birdy,neo mellow,2014,76,-9,160,49
Words as Weapons,Birdy,neo mellow,2014,120,-9,239,44
You're Mine (Eternal),Mariah Carey,dance pop,2014,149,-7,224,38
Sheezus,Lily Allen,dance pop,2014,130,-7,235,37
Cannonball,Lea Michele,hollywood,2014,92,-3,215,37
It's On Again - Main Soundtrack,Alicia Keys,hip pop,2014,110,-9,230,30
I Luh Ya Papi,Jennifer Lopez,dance pop,2014,96,-6,207,28
Not a Bad Thing,Justin Timberlake,dance pop,2014,86,-6,266,0
Thinking out Loud,Ed Sheeran,pop,2015,79,-6,282,84
I'm Not The Only One,Sam Smith,pop,2015,82,-6,239,84
The Hills,The Weeknd,canadian contemporary r&b,2015,113,-7,242,84
Love Yourself,Justin Bieber,canadian pop,2015,100,-10,234,83
Uptown Funk,Mark Ronson,dance pop,2015,115,-7,270,82
Take Me To Church,Hozier,irish singer-songwriter,2015,129,-5,242,81
Sugar,Maroon 5,pop,2015,120,-7,235,81
Sorry,Justin Bieber,canadian pop,2015,100,-4,201,81
FourFiveSeconds,Rihanna,barbadian pop,2015,206,-6,188,80
"Love Me Like You Do - From ""Fifty Shades Of Grey""",Ellie Goulding,dance pop,2015,190,-7,253,79
"Earned It (Fifty Shades Of Grey) - From The ""Fifty Shades Of Grey"" Soundtrack",The Weeknd,canadian contemporary r&b,2015,120,-6,252,79
What Do You Mean?,Justin Bieber,canadian pop,2015,125,-8,206,79
Stitches,Shawn Mendes,canadian pop,2015,150,-7,207,78
Want to Want Me,Jason Derulo,dance pop,2015,114,-6,208,77
My House,Flo Rida,dance pop,2015,94,-5,192,77
Waves - Robin Schulz Radio Edit,Mr. Probz,tropical house,2015,120,-9,208,77
Night Changes,One Direction,boy band,2015,120,-8,227,77
How Deep Is Your Love,Calvin Harris,dance pop,2015,122,-4,213,77
Never Forget You,Zara Larsson,dance pop,2015,146,-6,213,77
Love Me Harder,Ariana Grande,dance pop,2015,99,-4,236,76
Animals,Maroon 5,pop,2015,190,-6,231,76
Blame,Calvin Harris,dance pop,2015,128,-4,213,76
Worth It,Fifth Harmony,dance pop,2015,100,-4,225,75
Break Free,Ariana Grande,dance pop,2015,130,-5,215,75
Don't,Ed Sheeran,pop,2015,95,-7,220,74
Elastic Heart,Sia,australian dance,2015,130,-5,257,73
Rather Be (feat. Jess Glynne),Clean Bandit,dance pop,2015,121,-7,228,73
Hello,Adele,british soul,2015,158,-6,295,73
Dear Future Husband,Meghan Trainor,dance pop,2015,79,-5,184,72
43776,Beyoncé,dance pop,2015,136,-5,214,72
The Heart Wants What It Wants,Selena Gomez,dance pop,2015,83,-5,227,72
"Hey Mama (feat. Nicki Minaj, Bebe Rexha & Afrojack)",David Guetta,dance pop,2015,86,-4,193,72
Genie In a Bottle,Christina Aguilera,dance pop,2015,176,-7,218,72
Company,Justin Bieber,canadian pop,2015,95,-5,208,72
Sing,Ed Sheeran,pop,2015,120,-4,235,71
Jealous - Remix,Nick Jonas,dance pop,2015,93,-4,222,70
Really Don't Care,Demi Lovato,dance pop,2015,121,-4,202,70
"Downtown (feat. Melle Mel, Grandmaster Caz, Kool Moe Dee & Eric Nally)",Macklemore & Ryan Lewis,dance pop,2015,110,-4,293,70
Only Love Can Hurt Like This,Paloma Faith,british soul,2015,91,-5,233,69
Heartbeat Song,Kelly Clarkson,dance pop,2015,149,-4,199,69
Up,Olly Murs,dance pop,2015,115,-5,224,69
Trumpets,Jason Derulo,dance pop,2015,82,-5,217,69
Runnin' (Lose It All),Naughty Boy,tropical house,2015,139,-6,213,69
Same Old Love,Selena Gomez,dance pop,2015,98,-4,229,69
I Want You To Know,Zedd,complextro,2015,130,-3,240,68
Lips Are Movin,Meghan Trainor,dance pop,2015,139,-5,183,68
I'll Show You,Justin Bieber,canadian pop,2015,192,-7,200,68
Here,Alessia Cara,canadian contemporary r&b,2015,120,-4,199,68
I Lived,OneRepublic,dance pop,2015,120,-5,235,67
Fireball (feat. John Ryan),Pitbull,dance pop,2015,123,-5,235,67
Easy Love,Sigala,dance pop,2015,124,-4,230,67
The Feeling,Justin Bieber,canadian pop,2015,127,-6,245,67
I Really Like You,Carly Rae Jepsen,canadian pop,2015,122,-5,205,66
BO$$,Fifth Harmony,dance pop,2015,103,-5,171,66
Sugar,Maroon 5,pop,2015,120,-7,235,66
Focus,Ariana Grande,dance pop,2015,100,-6,211,66
All About That Bass,Meghan Trainor,dance pop,2015,134,-4,189,65
On My Mind,Ellie Goulding,dance pop,2015,155,-7,213,65
Love Me Like You,Little Mix,dance pop,2015,106,-4,198,65
Broken Arrows,Avicii,big room,2015,116,-7,233,65
Booty,Jennifer Lopez,dance pop,2015,129,-4,210,64
What Do You Mean? - Acoustic,Justin Bieber,canadian pop,2015,125,-11,204,64
Mark My Words,Justin Bieber,canadian pop,2015,114,-9,134,63
Lay It All on Me,Rudimental,dance pop,2015,123,-7,242,62
American Oxygen,Rihanna,barbadian pop,2015,78,-6,320,61
Bang Bang,Jessie J,australian pop,2015,150,-4,199,61
Reality - Radio Edit,Lost Frequencies,belgian edm,2015,122,-8,159,61
Alive,Sia,australian dance,2015,100,-4,264,61
Sugar (feat. Francesco Yates),Robin Schulz,dance pop,2015,123,-5,219,60
Been You,Justin Bieber,canadian pop,2015,113,-6,199,60
Prayer in C - Robin Schulz Radio Edit,Lilly Wood and The Prick,french indie pop,2015,123,-5,189,58
See You Again (feat. Charlie Puth),Wiz Khalifa,hip hop,2015,80,-8,230,56
Heroes (we could be),Alesso,big room,2015,126,-4,210,56
"Feel The Light - From The ""Home"" Soundtrack",Jennifer Lopez,dance pop,2015,156,-6,292,55
Perfect,One Direction,boy band,2015,100,-5,230,55
Ghosttown,Madonna,dance pop,2015,79,-7,250,54
Bang My Head (feat. Sia & Fetty Wap),David Guetta,dance pop,2015,108,-4,193,54
Bloodstream,Ed Sheeran,pop,2015,89,-6,309,52
Living For Love,Madonna,dance pop,2015,123,-5,219,52
Baby Don't Lie,Gwen Stefani,dance pop,2015,100,-5,203,52
Don't Be so Hard on Yourself,Jess Glynne,dance pop,2015,120,-3,211,52
Steal My Girl,One Direction,boy band,2015,77,-6,227,51
"Celebrate (From the Original Motion Picture ""Penguins of Madagascar"")",Pitbull,dance pop,2015,127,-3,193,50
We Are Here,Alicia Keys,hip pop,2015,93,-6,285,49
St Jude,Florence + The Machine,art pop,2015,117,-11,225,47
Yesterday (feat. Bebe Rexha),David Guetta,dance pop,2015,128,-4,243,46
Time of Our Lives,Pitbull,dance pop,2015,124,-6,229,45
Sparks,Hilary Duff,dance pop,2015,122,-5,186,44
Mr. Put It Down,Ricky Martin,dance pop,2015,128,-6,196,42
Legendary Lovers,Katy Perry,dance pop,2015,126,-5,224,41
Spark The Fire,Gwen Stefani,dance pop,2015,120,-4,202,39
Run Run Run,Kelly Clarkson,dance pop,2015,112,-7,273,36
Let Me Be Your Lover,Enrique Iglesias,dance pop,2015,112,-4,238,34
Dangerous,Jennifer Hudson,dance pop,2015,109,-5,255,18
L.A.LOVE (la la),Fergie,dance pop,2015,202,-8,193,0
The Hills,The Weeknd,canadian contemporary r&b,2016,113,-7,242,84
Love Yourself,Justin Bieber,canadian pop,2016,100,-10,234,83
Cake By The Ocean,DNCE,dance pop,2016,119,-5,219,81
Don't Let Me Down,The Chainsmokers,electropop,2016,160,-5,208,81
In the Name of Love,Martin Garrix,big room,2016,134,-6,196,81
Into You,Ariana Grande,dance pop,2016,108,-6,244,80
This Is What You Came For,Calvin Harris,dance pop,2016,124,-3,222,80
Million Reasons,Lady Gaga,dance pop,2016,130,-8,205,80
Needed Me,Rihanna,barbadian pop,2016,111,-8,192,80
7 Years,Lukas Graham,danish pop,2016,120,-6,237,80
"CAN'T STOP THE FEELING! (Original Song from DreamWorks Animation's ""TROLLS"")",Justin Timberlake,dance pop,2016,113,-6,236,79
Work from Home (feat. Ty Dolla $ign),Fifth Harmony,dance pop,2016,105,-6,214,79
Scars To Your Beautiful,Alessia Cara,canadian contemporary r&b,2016,97,-6,230,79
Like I'm Gonna Lose You (feat. John Legend),Meghan Trainor,dance pop,2016,108,-7,225,79
Work,Rihanna,barbadian pop,2016,92,-6,219,78
Stitches,Shawn Mendes,canadian pop,2016,150,-7,207,78
"Me, Myself & I",G-Eazy,hip hop,2016,112,-7,251,78
I Took A Pill In Ibiza - Seeb Remix,Mike Posner,dance pop,2016,102,-7,198,78
Dangerous Woman,Ariana Grande,dance pop,2016,134,-5,236,78
Starving,Hailee Steinfeld,dance pop,2016,100,-4,182,78
Shout Out to My Ex,Little Mix,dance pop,2016,126,-4,246,77
Electric Love,BØRNS,electropop,2016,120,-8,218,76
Confident,Demi Lovato,dance pop,2016,130,-6,206,75
Too Good,Drake,canadian hip hop,2016,118,-8,263,74
Roses,The Chainsmokers,electropop,2016,100,-7,227,74
Cold Water (feat. Justin Bieber & MØ),Major Lazer,dance pop,2016,93,-5,185,73
Me Too,Meghan Trainor,dance pop,2016,124,-6,181,73
Light It Up (feat. Nyla & Fuse ODG) [Remix],Major Lazer,dance pop,2016,108,-4,166,73
Ain't Your Mama,Jennifer Lopez,dance pop,2016,120,-6,218,72
Close,Nick Jonas,dance pop,2016,124,-5,234,72
Toothbrush,DNCE,dance pop,2016,105,-6,232,72
All We Know,The Chainsmokers,electropop,2016,90,-9,194,72
Final Song,MØ,dance pop,2016,105,-6,236,72
Company,Justin Bieber,canadian pop,2016,95,-5,208,72
Hands To Myself,Selena Gomez,dance pop,2016,111,-7,201,71
All I Ask,Adele,british soul,2016,142,-5,272,71
"Just Like Fire (From the Original Motion Picture ""Alice Through The Looking Glass"")",P!nk,dance pop,2016,163,-6,215,71
NO,Meghan Trainor,dance pop,2016,92,-4,214,70
Kill Em With Kindness,Selena Gomez,dance pop,2016,120,-5,218,70
Cool Girl,Tove Lo,dance pop,2016,102,-7,199,69
Runnin' (Lose It All),Naughty Boy,tropical house,2016,139,-6,213,69
Here,Alessia Cara,canadian contemporary r&b,2016,120,-4,199,68
Perfect Illusion,Lady Gaga,dance pop,2016,125,-5,182,67
PILLOWTALK,ZAYN,dance pop,2016,125,-4,204,66
Out Of The Woods,Taylor Swift,pop,2016,92,-7,236,66
Rise,Katy Perry,dance pop,2016,101,-6,203,66
Wherever I Go,OneRepublic,dance pop,2016,100,-6,170,66
Body Say,Demi Lovato,dance pop,2016,87,-5,194,65
Don't Be A Fool,Shawn Mendes,canadian pop,2016,175,-6,216,65
LIKE I WOULD,ZAYN,dance pop,2016,113,-6,192,65
Cheap Thrills,Sia,australian dance,2016,90,-5,225,64
I Got You,Bebe Rexha,dance pop,2016,98,-5,192,64
Run Away With Me,Carly Rae Jepsen,canadian pop,2016,119,-6,251,63
Cruel (feat. ZAYN),Snakehips,dance pop,2016,110,-4,228,63
Send My Love (To Your New Lover),Adele,british soul,2016,164,-8,223,61
WTF (Where They From),Missy Elliott,dance pop,2016,120,-3,193,58
Desire,Years & Years,dance pop,2016,126,-5,203,58
When We Were Young,Adele,british soul,2016,144,-6,291,58
I Know What You Did Last Summer,Shawn Mendes,canadian pop,2016,114,-5,224,57
Wish That You Were Here - From “Miss Peregrine’s Home for Peculiar Children” Original Motion Picture,Florence + The Machine,art pop,2016,94,-6,403,57
Hurts,Emeli Sandé,dance pop,2016,106,-8,238,57
Change,Christina Aguilera,dance pop,2016,82,-6,187,54
Make Me... (feat. G-Eazy),Britney Spears,dance pop,2016,123,-7,231,53
Keeping Your Head Up,Birdy,neo mellow,2016,122,-5,208,52
True Colors,Zedd,complextro,2016,126,-3,225,51
Make Me Like You,Gwen Stefani,dance pop,2016,118,-5,217,50
Champagne Problems,Nick Jonas,dance pop,2016,108,-5,193,50
Blown,DNCE,dance pop,2016,130,-5,197,48
Start,John Legend,neo mellow,2016,110,-15,310,47
Pep Rally,Missy Elliott,dance pop,2016,90,-4,263,47
Higher,Carly Rae Jepsen,canadian pop,2016,114,-5,234,46
Invitation,Britney Spears,dance pop,2016,112,-7,200,44
One Call Away (feat. Tyga) - Remix,Charlie Puth,dance pop,2016,91,-5,192,41
Beautiful Birds (feat. Birdy),Passenger,folk-pop,2016,86,-13,214,36
Little Lies,Hilary Duff,dance pop,2016,124,-6,204,36
Do You Wanna Come Over?,Britney Spears,dance pop,2016,121,-6,203,34
BURNITUP!,Janet Jackson,dance pop,2016,123,-7,250,31
Picky - Remix,Joey Montana,latin,2016,186,-3,225,29
Behind Your Back,Nelly Furtado,canadian latin,2016,98,-10,228,18
Million Years Ago,Adele,british soul,2016,0,-60,227,0
Shape of You,Ed Sheeran,pop,2017,96,-3,234,87
Closer,The Chainsmokers,electropop,2017,95,-6,245,86
Starboy,The Weeknd,canadian contemporary r&b,2017,186,-7,230,85
Treat You Better,Shawn Mendes,canadian pop,2017,83,-4,188,84
That's What I Like,Bruno Mars,pop,2017,134,-5,207,83
Let Me Love You,DJ Snake,electronic trap,2017,100,-5,206,82
I Feel It Coming,The Weeknd,canadian contemporary r&b,2017,93,-6,269,81
Mercy,Shawn Mendes,canadian pop,2017,148,-5,209,81
Side To Side,Ariana Grande,dance pop,2017,159,-6,226,80
Stay,Zedd,complextro,2017,102,-5,210,80
It Ain't Me (with Selena Gomez),Kygo,edm,2017,100,-7,221,79
Malibu,Miley Cyrus,dance pop,2017,140,-6,232,78
Something Just Like This,The Chainsmokers,electropop,2017,103,-7,248,78
Rockabye (feat. Sean Paul & Anne-Marie),Clean Bandit,dance pop,2017,102,-4,251,78
I Don’t Wanna Live Forever (Fifty Shades Darker),ZAYN,dance pop,2017,118,-8,245,78
My Way,Calvin Harris,dance pop,2017,120,-3,219,78
"I'm the One (feat. Justin Bieber, Quavo, Chance the Rapper & Lil Wayne)",DJ Khaled,dance pop,2017,81,-4,289,77
Praying,Kesha,dance pop,2017,73,-7,230,77
Despacito - Remix,Luis Fonsi,latin,2017,178,-4,229,76
The Greatest,Sia,australian dance,2017,192,-6,210,76
There for You,Martin Garrix,big room,2017,106,-8,222,76
Paris,The Chainsmokers,electropop,2017,100,-7,222,76
Crying in the Club,Camila Cabello,dance pop,2017,85,-6,216,75
Mama,Jonas Blue,dance pop,2017,104,-4,184,75
Slide (feat. Frank Ocean & Migos),Calvin Harris,dance pop,2017,104,-3,231,75
Swish Swish,Katy Perry,dance pop,2017,120,-5,243,73
Chained To The Rhythm,Katy Perry,dance pop,2017,190,-5,238,72
Cold (feat. Future),Maroon 5,pop,2017,100,-6,234,72
Love,Lana Del Rey,art pop,2017,99,-11,273,72
Reggaetón Lento (Remix),CNCO,boy band,2017,94,-3,189,71
All I Ask,Adele,british soul,2017,142,-5,272,71
First Time,Kygo,edm,2017,90,-7,194,71
The Cure,Lady Gaga,dance pop,2017,100,-5,211,71
"How Far I'll Go - From ""Moana""",Alessia Cara,canadian contemporary r&b,2017,181,-10,176,71
Bodak Yellow,Cardi B,pop,2017,125,-6,224,70
Rich Love (with Seeb),OneRepublic,dance pop,2017,105,-4,201,70
Tired,Alan Walker,electro house,2017,124,-4,192,70
Came Here for Love,Sigala,dance pop,2017,125,-3,203,70
24K Magic,Bruno Mars,pop,2017,107,-4,226,69
Strip That Down (feat. Quavo),Liam Payne,dance pop,2017,106,-5,202,69
Cut To The Feeling,Carly Rae Jepsen,canadian pop,2017,115,-3,208,69
OK - Spotify Version,Robin Schulz,dance pop,2017,122,-6,189,69
Bon appétit,Katy Perry,dance pop,2017,106,-6,228,68
Summer Bummer (feat. A$AP Rocky & Playboi Carti),Lana Del Rey,art pop,2017,135,-9,261,67
Get Low (with Liam Payne),Zedd,complextro,2017,108,-4,205,66
Kissing Strangers,DNCE,dance pop,2017,120,-6,202,66
Slow Hands,Niall Horan,dance pop,2017,86,-7,188,64
Younger Now,Miley Cyrus,dance pop,2017,122,-5,249,62
Body Moves,DNCE,dance pop,2017,102,-5,236,62
Reality (feat. Janieck Devy) - Radio Edit,Lost Frequencies,belgian edm,2017,122,-7,158,59
Angel,Fifth Harmony,dance pop,2017,124,-6,189,59
Touch (feat. Kid Ink),Little Mix,dance pop,2017,102,-4,203,59
We Don't Talk Anymore - DROELOE Remix,Charlie Puth,dance pop,2017,100,-5,218,59
Love Incredible (feat. Camila Cabello),Cashmere Cat,downtempo,2017,167,-9,180,59
No Vacancy (with Sebastián Yatra),OneRepublic,dance pop,2017,100,-4,223,57
Rich Boy,Galantis,big room,2017,110,-2,184,55
Lust for Life (with The Weeknd),Lana Del Rey,art pop,2017,100,-9,264,54
Greenlight (feat. Flo Rida & LunchMoney Lewis),Pitbull,dance pop,2017,115,-6,245,54
Influence,Tove Lo,dance pop,2017,105,-10,225,54
Remember I Told You,Nick Jonas,dance pop,2017,113,-6,202,53
Messin' Around,Pitbull,dance pop,2017,158,-5,223,51
Water Under the Bridge,Adele,british soul,2017,95,-7,240,49
Free Me,Sia,australian dance,2017,87,-4,286,44
Kissing Strangers - Remix,DNCE,dance pop,2017,120,-6,202,43
A L I E N S,Coldplay,permanent wave,2017,148,-5,282,41
One Kiss (with Dua Lipa),Calvin Harris,dance pop,2018,124,-3,215,86
Havana (feat. Young Thug),Camila Cabello,dance pop,2018,105,-4,217,85
I Like It,Cardi B,pop,2018,136,-4,253,85
New Rules,Dua Lipa,dance pop,2018,116,-6,209,84
There's Nothing Holdin' Me Back,Shawn Mendes,canadian pop,2018,122,-4,199,84
no tears left to cry,Ariana Grande,dance pop,2018,122,-6,206,84
IDGAF,Dua Lipa,dance pop,2018,97,-6,218,84
In My Blood,Shawn Mendes,canadian pop,2018,140,-7,211,83
Wolves,Selena Gomez,dance pop,2018,125,-5,198,83
Dusk Till Dawn - Radio Edit,ZAYN,dance pop,2018,180,-7,239,83
Attention,Charlie Puth,dance pop,2018,100,-5,209,83
Electricity (with Dua Lipa),Silk City,edm,2018,118,-6,238,82
Love On The Brain,Rihanna,barbadian pop,2018,172,-5,224,82
"Let Me Go (with Alesso, Florida Georgia Line & watt)",Hailee Steinfeld,dance pop,2018,103,-4,175,82
Silence,Marshmello,brostep,2018,142,-3,181,82
Sorry Not Sorry,Demi Lovato,dance pop,2018,144,-7,204,81
Shallow - Radio Edit,Lady Gaga,dance pop,2018,96,-7,217,80
These Days,Rudimental,dance pop,2018,92,-4,211,80
What Lovers Do (feat. SZA),Maroon 5,pop,2018,110,-5,200,79
Finesse - Remix; feat. Cardi B,Bruno Mars,pop,2018,105,-5,217,78
Perfect Duet (Ed Sheeran & Beyoncé),Ed Sheeran,pop,2018,95,-7,260,78
Bad At Love,Halsey,dance pop,2018,118,-4,181,78
Him & I (with Halsey),G-Eazy,hip hop,2018,88,-6,269,78
Friends (with BloodPop®),Justin Bieber,canadian pop,2018,105,-5,189,77
Wild Thoughts (feat. Rihanna & Bryson Tiller),DJ Khaled,dance pop,2018,98,-3,204,76
My My My!,Troye Sivan,dance pop,2018,103,-8,205,76
Capital Letters,Hailee Steinfeld,dance pop,2018,100,-6,219,76
Sick Boy,The Chainsmokers,electropop,2018,90,-8,193,76
Tequila,Dan + Shay,contemporary country,2018,86,-6,196,76
Look What You Made Me Do,Taylor Swift,pop,2018,128,-6,212,75
Youth (feat. Khalid),Shawn Mendes,canadian pop,2018,100,-7,191,75
Bad Liar,Selena Gomez,dance pop,2018,121,-6,215,75
Anywhere,Rita Ora,dance pop,2018,107,-4,215,74
Say Something,Justin Timberlake,dance pop,2018,97,-7,279,74
Chun-Li,Nicki Minaj,dance pop,2018,129,-5,192,73
Sign of the Times,Harry Styles,dance pop,2018,120,-5,341,72
Familiar,Liam Payne,dance pop,2018,93,-5,197,72
Let Me,ZAYN,dance pop,2018,168,-6,185,72
Supernova,Ansel Elgort,dance pop,2018,140,-5,191,72
Nervous,Shawn Mendes,canadian pop,2018,122,-7,164,71
First Time,Kygo,edm,2018,90,-7,194,71
End Game,Taylor Swift,pop,2018,159,-6,245,70
Mi Gente (feat. Beyoncé),J Balvin,latin,2018,105,-6,210,68
Lemon,N.E.R.D,hip hop,2018,95,-7,220,68
For You (With Rita Ora),Liam Payne,dance pop,2018,113,-5,243,67
Want To,Dua Lipa,dance pop,2018,92,-5,212,67
What I Need (feat. Kehlani),Hayley Kiyoko,dance pop,2018,104,-4,220,67
Wait,Maroon 5,pop,2018,126,-5,191,67
What About Us,P!nk,dance pop,2018,114,-6,272,66
Kissing Strangers,DNCE,dance pop,2018,120,-6,202,66
2U (feat. Justin Bieber),David Guetta,dance pop,2018,145,-7,195,65
Walk On Water (feat. Beyoncé),Eminem,detroit hip hop,2018,82,-10,304,65
This Town,Niall Horan,dance pop,2018,112,-8,233,64
"Girls (feat. Cardi B, Bebe Rexha & Charli XCX)",Rita Ora,dance pop,2018,94,-4,221,64
MOVE TO MIAMI,Enrique Iglesias,dance pop,2018,100,-4,169,64
Miss You (with Major Lazer & Tory Lanez),Cashmere Cat,downtempo,2018,100,-5,186,64
Filthy,Justin Timberlake,dance pop,2018,97,-6,294,62
Never Be the Same - Radio Edit,Camila Cabello,dance pop,2018,130,-4,227,57
Ferrari,Bebe Rexha,dance pop,2018,77,-6,213,57
Supplies,Justin Timberlake,dance pop,2018,120,-7,226,57
Boom Boom,RedOne,moroccan pop,2018,110,-8,248,53
...Ready For It? - BloodPop® Remix,Taylor Swift,pop,2018,160,-5,190,52
Drip (feat. Migos),Cardi B,pop,2018,130,-8,264,45
Tell Me You Love Me - NOTD Remix,Demi Lovato,dance pop,2018,102,-5,182,44
Memories,Maroon 5,pop,2019,91,-7,189,99
Lose You To Love Me,Selena Gomez,dance pop,2019,102,-9,206,97
Someone You Loved,Lewis Capaldi,pop,2019,110,-6,182,96
Señorita,Shawn Mendes,canadian pop,2019,117,-6,191,95
How Do You Sleep?,Sam Smith,pop,2019,111,-5,202,93
South of the Border (feat. Camila Cabello & Cardi B),Ed Sheeran,pop,2019,98,-6,204,92
Trampoline (with ZAYN),SHAED,electropop,2019,127,-6,184,92
Happier,Marshmello,brostep,2019,100,-3,214,90
Truth Hurts,Lizzo,escape room,2019,158,-3,173,90
Good as Hell (feat. Ariana Grande) - Remix,Lizzo,escape room,2019,96,-3,159,90
Higher Love,Kygo,edm,2019,104,-7,228,88
Only Human,Jonas Brothers,boy band,2019,94,-6,183,87
Beautiful People (feat. Khalid),Ed Sheeran,pop,2019,93,-8,198,86
Sucker,Jonas Brothers,boy band,2019,138,-5,181,86
Don't Call Me Up,Mabel,dance pop,2019,99,-3,178,86
I Don't Care (with Justin Bieber),Ed Sheeran,pop,2019,102,-5,220,85
Talk (feat. Disclosure),Khalid,alternative r&b,2019,136,-9,198,84
Giant (with Rag'n'Bone Man),Calvin Harris,dance pop,2019,122,-4,229,84
Takeaway,The Chainsmokers,electropop,2019,100,-8,210,83
All Around The World (La La La),R3HAB,big room,2019,125,-5,148,82
Girls Like You (feat. Cardi B),Maroon 5,pop,2019,125,-7,236,81
Call You Mine,The Chainsmokers,electropop,2019,104,-6,218,81
No Guidance (feat. Drake),Chris Brown,dance pop,2019,93,-7,261,81
Antisocial (with Travis Scott),Ed Sheeran,pop,2019,152,-5,162,78
"Taki Taki (feat. Selena Gomez, Ozuna & Cardi B)",DJ Snake,electronic trap,2019,96,-4,213,77
Con Calma - Remix,Daddy Yankee,latin,2019,94,-3,181,76
Find U Again (feat. Camila Cabello),Mark Ronson,dance pop,2019,104,-7,176,75
Cross Me (feat. Chance the Rapper & PnB Rock),Ed Sheeran,pop,2019,95,-6,206,75
"No Brainer (feat. Justin Bieber, Chance the Rapper & Quavo)",DJ Khaled,dance pop,2019,136,-5,260,70
Nothing Breaks Like a Heart (feat. Miley Cyrus),Mark Ronson,dance pop,2019,114,-6,217,69
Kills You Slowly,The Chainsmokers,electropop,2019,150,-9,213,67
